hub_id,lat,lon
0,32.909492666666665,-96.750651
1,32.8833035,-96.76129399999999
2,32.832294000000005,-96.767945
3,32.829952000000006,-96.7679445
4,32.8270155,-96.767946
5,32.8250825,-96.7679495
6,32.82194775,-96.7679885
7,32.8186465,-96.76800349999999
8,32.816028,-96.76803050000001
9,32.81243166666667,-96.76856566666667
10,32.79414375,-96.78273175
11,32.790320666666666,-96.78728344444444
12,32.7965005,-96.779965
13,32.8346995,-96.767933
14,32.852885,-96.769372
15,32.8427775,-96.7707561
16,32.85691,-96.768501
17,32.76338006666666,-96.77532479999999
18,32.764618,-96.7806475
19,32.7708955,-96.7883975
20,32.78147269672131,-96.80037892622951
21,32.774451,-96.7914595
22,32.81435423076923,-96.75324238461539
23,32.809877,-96.752846
24,32.801027625,-96.7570085
25,32.797354000000006,-96.76090033333332
26,32.794717500000004,-96.76417375
27,32.7921125,-96.76712725
28,32.789168857142855,-96.77020514285714
29,32.7851977,-96.7789178
30,32.78989606896552,-96.78003755172415
31,32.783888,-96.78656785714286
32,32.805169500000005,-96.755577
33,32.807588499999994,-96.7538
34,32.740103000000005,-96.83224422222222
35,32.747259666666665,-96.832004
36,32.720279166666664,-96.83626566666668
37,32.72503088888889,-96.83676322222223
38,32.730470499999996,-96.83684199999999
39,32.741428806451616,-96.83822138709678
40,32.753526199999996,-96.83744279999999
41,32.75859883333333,-96.83653166666666
42,32.764156,-96.8357135
43,32.76847228571428,-96.83583442857143
44,32.774319,-96.82561666666668
45,32.776594,-96.814633
46,32.877749625,-96.757166625
47,32.8739485,-96.75681
48,32.87017120689655,-96.75711662068964
49,32.86661175,-96.752961
50,32.86483583333333,-96.75413366666666
51,32.860338,-96.764813
52,32.750982,-96.7593976
53,32.81457520833333,-96.80872420833333
54,32.8033,-96.81335225000001
55,32.801017,-96.8107985
56,32.810118,-96.80986686666667
57,32.86554700000001,-96.8079915
58,32.7702258,-96.76628886666667
59,32.777368333333335,-96.76555933333333
60,32.791687499999995,-96.770907
61,32.79778,-96.777999
62,32.80402064285714,-96.77912992857144
63,32.811196,-96.798629
64,32.8149231,-96.8022136
65,32.81098125,-96.8220755
66,32.8147845,-96.82936900000001
67,32.8117895,-96.83357075
68,32.80626877777778,-96.79756618518519
69,32.802156,-96.786458
70,32.799957,-96.78386733333333
71,32.791248,-96.773865
72,32.784438578947366,-96.76499363157895
73,32.74610841176471,-96.85699311764705
74,32.746475,-96.851609
75,32.744209,-96.84394850000001
76,32.7421655,-96.82835475
77,32.7439504,-96.8235362
78,32.7453655,-96.8192115
79,32.74759400000001,-96.8148942
80,32.7582746,-96.8153894
81,32.731759458333336,-96.85711170833333
82,32.71827760714286,-96.85685328571428
83,32.720344999999995,-96.8624555
84,32.7645759,-96.73823495
85,32.761040875,-96.7460373125
86,32.765699,-96.75000349999999
87,32.7698453,-96.7549114
88,32.836454,-96.75451066666666
89,32.836479600000004,-96.759645
90,32.836532000000005,-96.76557600000001
91,32.837173500000006,-96.7741985
92,32.82555214285714,-96.82146535714286
93,32.82216125,-96.85458249999999
94,32.7719315,-96.74547849999999
95,32.77474775,-96.74166149999999
96,32.775214,-96.738219125
97,32.7689985,-96.73880650000001
98,32.774232500000004,-96.74929475
99,32.7763785,-96.7519075
100,32.7739755,-96.755234
101,32.784832333333334,-96.77538583333335
102,32.694410500000004,-96.80327700000001
103,32.699036125,-96.804714875
104,32.7353085,-96.81144900000001
105,32.7399805,-96.81237183333333
106,32.744961,-96.81561400000001
107,32.733191500000004,-96.8116165
108,32.6834125,-96.8004345
109,32.6824955,-96.80413875
110,32.70026858333333,-96.85704416666665
111,32.780735271739125,-96.8455515
112,32.7931475,-96.724633
113,32.792882,-96.73459414285715
114,32.7903855,-96.73736149999999
115,32.8069436,-96.6850365
116,32.801116875,-96.68872512499999
117,32.798927,-96.69259525
118,32.7959637,-96.70739090000001
119,32.79329414285714,-96.714615
120,32.78222466666667,-96.682721
121,32.785458999999996,-96.69089042857142
122,32.78606725,-96.7004595
123,32.786698333333334,-96.7067735
124,32.786552,-96.71023199999999
125,32.786432500000004,-96.7125575
126,32.78470166666667,-96.68417666666666
127,32.8102345,-96.757135
128,32.8045238125,-96.764037125
129,32.798210499999996,-96.7716565
130,32.796848,-96.7733005
131,32.83274025,-96.7529155
132,32.8292665,-96.752877
133,32.825991333333334,-96.75288866666666
134,32.821022,-96.7528655
135,32.79433713636364,-96.8028971818182
136,32.844499,-96.7869685
137,32.701609,-96.82199228571429
138,32.709449400000004,-96.82341133333333
139,32.719327199999995,-96.82155259999999
140,32.749274375,-96.823658125
141,32.75321471428571,-96.82338085714287
142,32.75869372727273,-96.82228436363636
143,32.763906,-96.8228915
144,32.771472599999996,-96.8228258
145,32.7946174,-96.7901738
146,32.81486441176471,-96.78064588235294
147,32.809698,-96.7840205
148,32.807873,-96.78630749999999
149,32.805109625,-96.78868837499999
150,32.7982215,-96.8142565
151,32.822293625,-96.84984475
152,32.817649,-96.851197
153,32.8172055,-96.856597
154,32.815891,-96.860853
155,32.8159785,-96.8644695
156,32.8214919,-96.86748259999999
157,32.852440538461536,-96.76479207692309
158,32.863952,-96.66587150000001
159,32.8641005,-96.67445649999999
160,32.865460500000005,-96.67871166666667
161,32.863935749999996,-96.68311175
162,32.864200499999995,-96.6971465
163,32.8642488,-96.702333
164,32.8642555,-96.707572
165,32.86418225,-96.7115065
166,32.862249750000004,-96.71694625
167,32.858804000000006,-96.7239975
168,32.854344,-96.73655
169,32.856902500000004,-96.74971049999999
170,32.865526,-96.795391
171,32.8656910625,-96.8037046875
172,32.865534,-96.813619
173,32.865700000000004,-96.82042200000001
174,32.8639895,-96.83691400000001
175,32.8638225,-96.84276249999999
176,32.863603499999996,-96.8456205
177,32.862639,-96.84907
178,32.8614245,-96.8537715
179,32.860563,-96.8575085
180,32.865506,-96.79083666666666
181,32.855924,-96.74564050000001
182,32.863136600000004,-96.67145380000001
183,32.8377704,-96.85690059999999
184,32.83492,-96.852656
185,32.8331565,-96.850533
186,32.831454,-96.84834699999999
187,32.8285055,-96.845016
188,32.79645525,-96.80563175
189,32.79873,-96.80824949999999
190,32.805606,-96.8156365
191,32.686487666666665,-96.81443333333334
192,32.6921205,-96.81467166666668
193,32.695999,-96.8146635
194,32.70066109090909,-96.81526054545454
195,32.70634325,-96.81331975
196,32.7122425,-96.8145785
197,32.7178495,-96.8145565
198,32.7202946,-96.814704
199,32.722749,-96.814446
200,32.75183209090909,-96.815737
201,32.66223425,-96.82566
202,32.680183166666666,-96.81460616666668
203,32.932799599999996,-96.8405328
204,32.80090257142857,-96.79255714285715
205,32.865525500000004,-96.7867075
206,32.8094465,-96.7723675
207,32.799349888888884,-96.78799599999999
208,32.778506,-96.91333022222221
209,32.7785065,-96.898139
210,32.778772000000004,-96.891884
211,32.77890683333333,-96.88293600000002
212,32.7789005,-96.8879255
213,32.7467515,-96.92433399999999
214,32.931435,-96.80459455
215,32.92320675,-96.80356950000001
216,32.91724025,-96.80358925
217,32.91232025,-96.803712
218,32.8928785,-96.80391575
219,32.886465,-96.80394150000001
220,32.8832065,-96.80395924999999
221,32.880115,-96.804032
222,32.878028,-96.804154
223,32.8759285,-96.804047
224,32.858246666666666,-96.80412866666666
225,32.854892,-96.80421100000001
226,32.84927088888889,-96.80425922222223
227,32.84333275,-96.80431725
228,32.8397582,-96.80434620000001
229,32.820083333333336,-96.80240566666667
230,32.920854,-96.803476
231,32.952777166666664,-96.80384158333334
232,32.94023525,-96.80377715
233,32.9328708,-96.813008
234,32.7807765,-96.7184035
235,32.7834295,-96.72754950000001
236,32.78257933333333,-96.74300361904763
237,32.783681,-96.7543905
238,32.78144125,-96.72419875
239,32.76297725,-96.66606999999999
240,32.763417625,-96.6720785
241,32.770383230769234,-96.68271030769232
242,32.7634615,-96.67891225
243,32.770788333333336,-96.68946833333332
244,32.77370030434783,-96.70464456521741
245,32.77416,-96.7180265
246,32.71860554545455,-96.80438554545454
247,32.733146500000004,-96.80005750000001
248,32.739227,-96.79852500000001
249,32.7412365,-96.798439
250,32.74580233333333,-96.7991731111111
251,32.7359365,-96.79932825
252,32.7268254,-96.7997031
253,32.7020375,-96.75778600000001
254,32.699399285714286,-96.76092228571429
255,32.709827499999996,-96.78275175
256,32.71692214285714,-96.78537628571428
257,32.719401000000005,-96.7959815
258,32.719987,-96.8001545
259,32.717754,-96.77366459999999
260,32.720877,-96.7718635
261,32.7218995,-96.7691955
262,32.719697999999994,-96.76895400000001
263,32.71584775,-96.76979025
264,32.71235014285714,-96.76387564285714
265,32.7073115,-96.76007899999999
266,32.696797571428576,-96.7681867142857
267,32.702183749999996,-96.771243
268,32.700456,-96.77991700000001
269,32.70374573076923,-96.7864128076923
270,32.70966514285714,-96.79531407142858
271,32.831859,-96.8383965
272,32.830314,-96.83656350000001
273,32.82663266666667,-96.83123222222223
274,32.82079176923077,-96.82372992307691
275,32.8164625,-96.81803
276,32.814906,-96.8161495
277,32.8368055,-96.84282099999999
278,32.838534,-96.844213
279,32.8939574,-96.88157720000001
280,32.890086499999995,-96.8772125
281,32.886681333333335,-96.87802566666666
282,32.880857666666664,-96.87749000000001
283,32.83757255555556,-96.86626733333334
284,32.833346,-96.86083383333333
285,32.826116,-96.8565535
286,32.808103,-96.8326015
287,32.8057685,-96.82878550000001
288,32.828062,-96.8566865
289,32.8299535,-96.85799449999999
290,32.9104975,-96.85702916666666
291,32.86700909090909,-96.86524772727272
292,32.85425792857143,-96.87428557142857
293,32.70675258333333,-96.80131091666665
294,32.7204455,-96.78356149999999
295,32.729002,-96.7853765
296,32.73967653333333,-96.78802686666667
297,32.741035749999995,-96.7926985
298,32.750409,-96.80218199999999
299,32.7512282,-96.8066584
300,32.751101600000005,-96.812053
301,32.76346385714286,-96.87104028571427
302,32.75495275,-96.8740945
303,32.749444,-96.82892100000001
304,32.749445,-96.82023050000001
305,32.732416666666666,-96.78520533333334
306,32.725896,-96.78565775
307,32.7147448,-96.7912336
308,32.915653500000005,-96.85598350000001
309,32.800025500000004,-96.8167875
310,32.817758142857144,-96.845457
311,32.909612333333335,-96.864741
312,32.7409956,-96.75349059999999
313,32.74721725,-96.75340175
314,32.7555332,-96.7535163
315,32.760001,-96.75765125
316,32.7632055,-96.76142025
317,32.7662785,-96.76512
318,32.772608,-96.7726215
319,32.778586000000004,-96.7788095
320,32.750548499999994,-96.75336150000001
321,32.7249434,-96.90046579999999
322,32.7204085,-96.896297
323,32.72032621428571,-96.88996214285714
324,32.720565923076926,-96.87497053846154
325,32.720368,-96.86678925
326,32.72031575,-96.84989075
327,32.7203915,-96.844592
328,32.7203995,-96.84206950000001
329,32.721632375,-96.83053662500001
330,32.7204165,-96.82643250000001
331,32.720222,-96.8108905
332,32.730783,-96.7950745
333,32.735569,-96.79156549999999
334,32.7464695,-96.786485
335,32.733129000000005,-96.79323249999999
336,32.720372,-96.8818055
337,32.73986,-96.802604
338,32.694529,-96.901149
339,32.692703375,-96.880016875
340,32.699163,-96.878491
341,32.7015685,-96.8781285
342,32.70812225,-96.87399808333333
343,32.713102500000005,-96.8741705
344,32.7161605,-96.87418775
345,32.73067441176471,-96.87387247058824
346,32.738413666666666,-96.87421766666667
347,32.7437532,-96.8739542
348,32.7571864375,-96.8620165
349,32.76090122222222,-96.85705466666667
350,32.76456583333333,-96.84899433333334
351,32.687546499999996,-96.88253499999999
352,32.695039,-96.89234283333333
353,32.822507,-96.8917065
354,32.826231666666665,-96.886952
355,32.807564125,-96.839914625
356,32.802715000000006,-96.8321995
357,32.801686833333335,-96.82707883333335
358,32.799567,-96.8206325
359,32.804129,-96.8352535
360,32.817157,-96.875588
361,32.819484,-96.87910500000001
362,32.8219945,-96.88313
363,32.8164595,-96.8889545
364,32.7384695,-96.68289200000001
365,32.7414435,-96.68289250000001
366,32.744161000000005,-96.68287699999999
367,32.74926555555555,-96.68275333333332
368,32.748805000000004,-96.685989
369,32.757641750000005,-96.69162025
370,32.7593265,-96.69674749999999
371,32.7602785,-96.6990625
372,32.7634235,-96.70127149999999
373,32.7633035,-96.7069005
374,32.765482,-96.716273
375,32.77388,-96.761612
376,32.7639425,-96.712525
377,32.7785858,-96.82972720000001
378,32.778619500000005,-96.853318
379,32.7862885,-96.8628965
380,32.778701999999996,-96.86031449999999
381,32.661888714285716,-96.88096919047618
382,32.662151,-96.8642195
383,32.664671,-96.8571185
384,32.674916499999995,-96.8570905
385,32.682986,-96.857034
386,32.6880795,-96.857073
387,32.69122733333334,-96.85647733333333
388,32.69405775,-96.857035
389,32.705736,-96.8571095
390,32.73812925,-96.856745
391,32.755492000000004,-96.85700800000001
392,32.7728835,-96.856566
393,32.81313933333333,-96.84792466666666
394,32.822232,-96.858228
395,32.8220425,-96.864181
396,32.816023666666666,-96.87256883333333
397,32.8120835,-96.87366
398,32.7901895,-96.85645325
399,32.67040075,-96.857095
400,32.6623405,-96.85713025
401,32.749703,-96.89555899999999
402,32.759697,-96.868986
403,32.760464999999996,-96.866917
404,32.7604365,-96.850472
405,32.767804999999996,-96.83933625
406,32.7347202,-96.88722633333333
407,32.74141918181818,-96.89148390909091
408,32.687541058823534,-96.79062423529412
409,32.712931,-96.80448200000001
410,32.6531345,-96.77513966666667
411,32.650282000000004,-96.78188233333333
412,32.653228999999996,-96.78271000000001
413,32.681598,-96.766912
414,32.672667,-96.762924
415,32.675308,-96.75741
416,32.676895,-96.754113
417,32.6766748,-96.7491444
418,32.67052525,-96.745463
419,32.660762,-96.76896625
420,32.66439333333333,-96.7687795
421,32.6670075,-96.76348899999999
422,32.673998142857144,-96.76153961904762
423,32.69009066666666,-96.7711645
424,32.705405,-96.836093
425,32.70506975,-96.8294475
426,32.771053,-96.91446
427,32.772937,-96.9152
428,32.7787505,-96.86467725
429,32.7749685,-96.9045565
430,32.833453999999996,-96.70261933333335
431,32.830005,-96.7067075
432,32.82820666666667,-96.70891733333333
433,32.82322,-96.7147755
434,32.8209235,-96.7166775
435,32.8166655,-96.7202125
436,32.812292,-96.727463
437,32.809348166666666,-96.73113166666667
438,32.80407975,-96.742275
439,32.798759,-96.74834658333333
440,32.792153375,-96.75597975
441,32.81463,-96.7240565
442,32.826164500000004,-96.71130149999999
443,32.834066,-96.69146
444,32.805045,-96.73368699999999
445,32.8079004,-96.7384124
446,32.87471706666666,-96.6883546
447,32.85570375,-96.683025
448,32.852776,-96.683049
449,32.838844,-96.69553442857143
450,32.647642000000005,-96.83962550000001
451,32.6477815,-96.835856
452,32.6476075,-96.83176800000001
453,32.65203794736842,-96.82967036842105
454,32.65882975,-96.835045125
455,32.662655666666666,-96.83919483333334
456,32.66753716666667,-96.83997783333332
457,32.6724295,-96.84005049999999
458,32.6757875,-96.840014
459,32.679294,-96.8400325
460,32.68260266666667,-96.839973
461,32.685231,-96.8399995
462,32.6902915,-96.84074820000001
463,32.69601157142857,-96.84034457142857
464,32.7051535,-96.84002192857143
465,32.704985,-96.832788
466,32.730428,-96.82717
467,32.73657175,-96.8245265
468,32.808109,-96.886151
469,32.8080175,-96.8765895
470,32.80792628571429,-96.86599
471,32.808227,-96.86043599999999
472,32.8089269,-96.8509046
473,32.80612525,-96.84557475
474,32.80187566666667,-96.84289066666666
475,32.799087,-96.840699
476,32.79589,-96.834211
477,32.785841749999996,-96.81686166666667
478,32.77961225,-96.81359675
479,32.808131,-96.88939133333334
480,32.808224499999994,-96.8968185
481,32.82140557142857,-96.67896900000001
482,32.818378571428575,-96.68578914285715
483,32.815615625,-96.69307125
484,32.813075,-96.698156
485,32.810187625,-96.70354025
486,32.8070295,-96.707501
487,32.805534,-96.709384
488,32.800824999999996,-96.71511091666667
489,32.795871999999996,-96.72109533333334
490,32.852929333333336,-96.65216525
491,32.84780025,-96.6583835
492,32.8438833,-96.6657103
493,32.84280925,-96.66869775
494,32.841338428571426,-96.67273514285715
495,32.83477075,-96.6709995
496,32.829743,-96.67553
497,32.826692,-96.6766325
498,32.85400716666667,-96.66576816666667
499,32.783922000000004,-96.757273
500,32.825006333333334,-96.66807488888888
501,32.849163,-96.64370125
502,32.850386,-96.6658135
503,32.843908,-96.63685333333335
504,32.73380664285714,-96.68239442857143
505,32.734297600000005,-96.6921259
506,32.735785699999994,-96.7004462
507,32.73440033333333,-96.70603866666666
508,32.74748485714286,-96.64825342857144
509,32.7428625,-96.648268
510,32.736092923076924,-96.64869876923078
511,32.734362,-96.65714200000001
512,32.7341365,-96.6618465
513,32.73414,-96.6653075
514,32.734202999999994,-96.671043
515,32.74132861538462,-96.65691153846154
516,32.7341925,-96.67432199999999
517,32.6754545,-96.8827785
518,32.67995283333334,-96.88277716666666
519,32.6912225,-96.88677799999999
520,32.69128175,-96.8635925
521,32.68933375,-96.82978575
522,32.685713666666665,-96.81999766666667
523,32.6830825,-96.808617
524,32.6846845,-96.795655
525,32.690351500000006,-96.780621
526,32.6929215,-96.77535549999999
527,32.694363249999995,-96.7713315
528,32.697196500000004,-96.7632795
529,32.77830075,-96.68284625
530,32.786824499999994,-96.6848795
531,32.815273000000005,-96.6844065
532,32.82175,-96.68424250000001
533,32.8256345,-96.683905
534,32.8040835,-96.68246675
535,32.7893555,-96.6850475
536,32.76352,-96.6826165
537,32.71305125,-96.7012285
538,32.683786,-96.8119015
539,32.691272999999995,-96.87360050000001
540,32.63026516666667,-96.94944166666666
541,32.633740333333336,-96.95359333333333
542,32.646976,-96.947091
543,32.654107999999994,-96.886068
544,32.626106,-96.944069
545,32.921695428571425,-96.77050028571429
546,32.9142521,-96.7742152
547,32.910825,-96.775162
548,32.7133825,-96.8913835
549,32.7410105,-96.877189
550,32.744345333333335,-96.87098133333332
551,32.765541999999996,-96.84477050000001
552,32.747537666666666,-96.86308100000001
553,32.739885,-96.880938
554,32.7159705,-96.891402
555,32.839343,-96.776474
556,32.95071900000001,-96.774948
557,32.9500106,-96.7853064
558,32.626742,-96.947305
559,32.636391,-96.951806
560,32.63808,-96.949921
561,32.642743249999995,-96.94783325
562,32.64912983333333,-96.88714933333334
563,32.6621885,-96.87138
564,32.64707666666667,-96.94344133333334
565,32.643151,-96.9429805
566,32.6325395,-96.94322249999999
567,32.712675000000004,-96.7088055
568,32.7126945,-96.71392800000001
569,32.7363895,-96.92407399999999
570,32.7474305,-96.91619349999999
571,32.747834,-96.9085723
572,32.749747444444445,-96.89153444444445
573,32.7379505,-96.888785
574,32.7390705,-96.8841865
575,32.745523000000006,-96.84804199999999
576,32.747946999999996,-96.921223
577,32.737026,-96.92799875
578,32.930289875,-96.763631125
579,32.8508975,-96.768802
580,32.792623,-96.798386
581,32.67931166666667,-96.85625699999999
582,32.719023750000005,-96.68386825
583,32.8765485,-96.7348425
584,32.868329,-96.73809750000001
585,32.864236,-96.74582325
586,32.8615455,-96.7516715
587,32.881247,-96.7347665
588,32.9254015,-96.7242685
589,32.9228045,-96.718306875
590,32.9098274,-96.7181698
591,32.905410833333335,-96.71763316666666
592,32.9125415,-96.7180175
593,32.922990999999996,-96.73776109090909
594,32.899474,-96.72078975
595,32.8573715,-96.75610800000001
596,32.8583425,-96.75843549999999
597,32.894191,-96.7272645
598,32.890383,-96.729619
599,32.95338614285714,-96.81797557142856
600,32.9492855,-96.81751750000001
601,32.94689654545454,-96.82364345454545
602,32.93257858333333,-96.82105758333334
603,32.917585,-96.818394
604,32.9145655,-96.818421
605,32.910951749999995,-96.8182805
606,32.9207225,-96.81849349999999
607,32.961298166666666,-96.81869183333333
608,32.987274,-96.803143
609,32.976141,-96.80435750000001
610,32.9044965,-96.804074
611,32.902229000000005,-96.8039705
612,32.9597125,-96.8045125
613,32.982748,-96.804369
614,32.918056,-96.8817155
615,32.9145648,-96.881713
616,32.953635000000006,-96.886099
617,32.95380966666667,-96.89004777777778
618,32.948836,-96.8902895
619,32.94027366666667,-96.89038573333333
620,32.933633,-96.888102
621,32.931441,-96.88509350000001
622,32.9274565,-96.8815665
623,32.9298395,-96.88284
624,32.923942,-96.890522
625,32.92425,-96.887456
626,32.9241082,-96.88176680000001
627,32.910885,-96.639552
628,32.910896,-96.642357
629,32.910945,-96.644715
630,32.908999,-96.656631
631,32.909009,-96.6590845
632,32.9090194,-96.6650252
633,32.90912791666667,-96.68045308333335
634,32.90908225,-96.69476
635,32.908102166666666,-96.70830983333333
636,32.90911583333334,-96.71285566666667
637,32.909513714285715,-96.72370614285714
638,32.909266,-96.72963
639,32.909186399999996,-96.7365864
640,32.9091466,-96.7434344
641,32.90915,-96.747756
642,32.9091855,-96.75465650000001
643,32.909212499999995,-96.7583515
644,32.909266,-96.7667115
645,32.909366500000004,-96.77160724999999
646,32.909639999999996,-96.861394
647,32.90970316666667,-96.87292666666667
648,32.90956466666666,-96.87881633333332
649,32.924423,-96.790194
650,32.921073666666665,-96.77722766666666
651,32.9090845,-96.70277899999999
652,32.9091885,-96.686875
653,32.909766,-96.653971
654,32.90895,-96.647492
655,32.946178,-96.83891700000001
656,32.943876,-96.839115
657,32.940084000000006,-96.83753733333333
658,32.9465295,-96.9542085
659,32.832695,-96.993049
660,32.833555000000004,-96.989041
661,32.830467,-96.9819305
662,32.8284315,-96.9764015
663,32.826209500000004,-96.970055
664,32.823322250000004,-96.96704625
665,32.817947000000004,-96.96337550000001
666,32.8141218125,-96.9521493125
667,32.81049277777778,-96.93304877777778
668,32.808194,-96.89287300000001
669,32.812727714285714,-96.83891685714286
670,32.812985999999995,-96.9379735
671,32.81331225,-96.94345
672,32.8321225,-96.9856345
673,32.846514,-96.99230725
674,32.861947,-97.035535
675,32.851372,-96.99218250000001
676,32.85681688888889,-96.99205355555556
677,32.86617666666667,-96.985705
678,32.866744833333335,-96.97945433333332
679,32.8701912,-96.9717128
680,32.871719,-96.967522
681,32.866237,-96.94645349999999
682,32.855122888888886,-96.95902877777777
683,32.855163250000004,-96.95038125
684,32.851383,-96.95038266666667
685,32.8177855,-96.94968716666666
686,32.808891,-96.92585174999999
687,32.8097075,-96.917282
688,32.8037255,-96.8736995
689,32.789981499999996,-96.873757
690,32.785888,-96.8736084
691,32.7789634,-96.87354339999999
692,32.7724305,-96.873865
693,32.749103500000004,-96.87408500000001
694,32.746519,-96.874109
695,32.7306435,-96.891457
696,32.728254,-96.89148
697,32.7253805,-96.89151425
698,32.7067731,-96.8918324
699,32.70130425,-96.89135775
700,32.686376333333335,-96.89306944444444
701,32.7923655,-96.8737455
702,32.809692,-96.919981
703,32.834696,-96.95912
704,32.839314,-96.95132050000001
705,32.84498072727273,-96.95092572727272
706,32.86031775,-96.9506375
707,32.828922875,-96.949746875
708,32.8291665,-96.8840335
709,32.817676,-96.892701
710,32.827989625,-96.994185
711,32.829477600000004,-97.0006306
712,32.831625,-97.005526
713,32.81214775,-96.99384425
714,32.801182,-96.971189
715,32.801516875,-96.963480625
716,32.800472,-96.9770656
717,32.802321,-96.986406
718,32.8048975,-96.99357800000001
719,32.816234,-96.993668
720,32.820932400000004,-96.9938226
721,32.841754200000004,-96.99293
722,32.8026695,-96.93440483333332
723,32.809274,-96.9600035
724,32.813604399999996,-96.95973260000001
725,32.924201999999994,-96.8542585
726,32.9253,-96.850201
727,32.933100499999995,-96.83537999999999
728,32.93308425,-96.82932725
729,32.936862500000004,-96.821976
730,32.940323,-96.8225414
731,32.9220155,-96.904241
732,32.922368,-96.91063199999999
733,32.9534375,-96.83838125
734,32.952692125,-96.82512375
735,32.922345,-96.901657
736,32.92388466666667,-96.89489299999998
737,32.958932,-96.890125
738,32.961447,-96.890108
739,32.973478166666666,-96.88990016666666
740,32.9814235,-96.89008283333334
741,32.98839275,-96.89035075
742,32.9963044,-96.88767659999999
743,32.999898875,-96.887021625
744,33.005525500000005,-96.8860435
745,33.01084275,-96.886923
746,33.01467433333333,-96.88695333333332
747,33.019849,-96.8849175
748,33.02383616666666,-96.88489783333334
749,33.02995083333333,-96.88417383333332
750,32.9929255,-96.889746
751,32.9672985,-96.890057
752,32.96403,-96.890085
753,32.9982415,-96.87704866666667
754,32.996939142857144,-96.869006
755,32.953148,-96.85469699999999
756,32.953553666666664,-96.84771433333333
757,32.9541395,-96.8347205
758,33.00798114285714,-96.84784342857142
759,32.96848,-96.829675
760,32.973282999999995,-96.8042265
761,32.99175983333333,-96.80092633333334
762,32.997213,-96.7982485
763,33.007,-96.795499
764,33.009755999999996,-96.7954625
765,33.01638366666666,-96.78388666666666
766,33.016392499999995,-96.7777625
767,33.019198599999996,-96.765269
768,33.0192745,-96.75796150000001
769,33.01927728571429,-96.750231
770,33.019411000000005,-96.743123
771,33.019463,-96.73888600000001
772,33.019425,-96.7350395
773,33.0026845,-96.79589100000001
774,33.000135,-96.796803
775,33.0401535,-96.7087295
776,33.040974500000004,-96.71435
777,33.040985500000005,-96.7169105
778,33.0410435,-96.7197995
779,33.041057,-96.72888599999999
780,33.0410288,-96.7341552
781,33.0410325,-96.73964950000001
782,33.041044,-96.7437975
783,33.0410515,-96.747307
784,33.041065,-96.7540515
785,33.041076000000004,-96.75798449999999
786,33.041101,-96.76209700000001
787,33.04113325,-96.76626075
788,33.015491,-96.766724
789,33.013121999999996,-96.7667395
790,32.977936166666666,-96.76547849999999
791,32.9741205,-96.7688315
792,32.96467666666667,-96.76875022222222
793,32.9584785,-96.7688795
794,32.955884499999996,-96.768887
795,32.9461985,-96.7689465
796,32.943535499999996,-96.76894899999999
797,32.940026499999995,-96.768424
798,32.950913625,-96.766814
799,33.0105515,-96.766787
800,33.041061,-96.750359
801,33.069595,-96.809761
802,32.98794875,-96.775651
803,32.9540065,-96.8067415
804,32.96216657142857,-96.80412114285716
805,32.962252500000005,-96.798181
806,32.962724,-96.79407900000001
807,32.962189333333335,-96.789243
808,32.96204575,-96.780884125
809,32.962019,-96.77307966666666
810,32.962256499999995,-96.762768
811,32.962316,-96.758927
812,32.962366,-96.755818
813,32.963037666666665,-96.74315366666667
814,32.9630695,-96.7383275
815,32.96103575,-96.732896125
816,32.96264,-96.749382
817,32.96240400000001,-96.7525495
818,32.978230499999995,-96.755773
819,32.97818875,-96.749618
820,32.97817875,-96.744243
821,32.97786625,-96.739439
822,32.97577525,-96.7350965
823,32.9754555,-96.7311225
824,32.975480000000005,-96.7271805
825,32.9810845,-96.71072649999999
826,32.968033428571424,-96.70923314285714
827,32.9606985,-96.7161335
828,32.97455975,-96.72392875
829,32.9606385,-96.80832749999999
830,32.956787,-96.82613649999999
831,32.939991000000006,-96.79308800000001
832,32.9399865,-96.78581175
833,32.9408655,-96.782119
834,32.9399755,-96.77798849999999
835,32.9399525,-96.7726885
836,32.9398885,-96.76279075000001
837,32.940074,-96.7552332857143
838,32.940761888888886,-96.73667172222223
839,32.9477636,-96.734581
840,32.9399705,-96.7903955
841,32.96287066666667,-96.68215423809524
842,32.95196683333334,-96.68273408333333
843,32.94494157142857,-96.68515685714286
844,32.9414115,-96.68286499999999
845,32.935865500000006,-96.68273400000001
846,32.933709500000006,-96.6827435
847,32.931164499999994,-96.68076400000001
848,32.93119442857143,-96.67612642857144
849,32.931156,-96.67098
850,32.93089346666667,-96.6631062
851,32.9307005,-96.6531205
852,32.916241,-96.64567325
853,32.9161455,-96.63918050000001
854,32.930714,-96.6496735
855,32.96179892307693,-96.69967138461539
856,32.955852,-96.6998945
857,32.9528385,-96.699898
858,32.9460906,-96.69903346666666
859,32.941154499999996,-96.69990849999999
860,32.9168385,-96.69220849999999
861,32.916824000000005,-96.68769499999999
862,32.915929266666666,-96.68211253333334
863,32.91734533333334,-96.66527833333333
864,32.9197235625,-96.6637885625
865,32.9163375,-96.6588595
866,32.9162995,-96.655743
867,32.916440699999995,-96.6995611
868,32.925417499999995,-96.729073
869,32.9165055,-96.668736
870,32.9178155,-96.7088655
871,32.916516333333334,-96.67316733333332
872,32.916225,-96.65002849999999
873,32.9162785,-96.6529695
874,32.9166505,-96.705174
875,32.93650433333334,-96.74174799999999
876,32.94587816666667,-96.73136883333332
877,33.012967,-96.682506
878,33.0102495,-96.682509
879,33.0036105,-96.6823375
880,32.98556375,-96.68238625000001
881,32.9728135,-96.68262200000001
882,32.928132500000004,-96.68308099999999
883,32.924727,-96.68304549999999
884,32.9007255,-96.68293274999999
885,32.8969635,-96.6829655
886,32.894528,-96.68301575
887,32.89275883333334,-96.6655915
888,32.8846385,-96.6655183
889,32.879029333333335,-96.67217699999999
890,32.878874,-96.6658822
891,32.893792000000005,-96.67878999999999
892,32.9209455,-96.683014
893,32.976696000000004,-96.6826465
894,32.991062,-96.682322
895,32.993448,-96.6823165
896,32.99698325,-96.68193049999999
897,33.006460000000004,-96.682423
898,32.9822645,-96.68241
899,32.893890428571424,-96.64680028571429
900,32.8879405,-96.64822525
901,32.883818,-96.648028
902,32.88030275,-96.64798975
903,32.875277800000006,-96.64819159999999
904,32.870697750000005,-96.64823475
905,32.86437275,-96.64715424999999
906,32.9057475625,-96.6227311875
907,32.89657033333334,-96.62222166666668
908,32.889728,-96.6221815
909,32.887299999999996,-96.622174
910,32.881362555555555,-96.62184622222223
911,32.86817775,-96.609271
912,32.864943499999995,-96.6055795
913,32.861647000000005,-96.60341
914,32.850081928571434,-96.59815392857142
915,32.846612,-96.6024565
916,32.84913,-96.60762550000001
917,32.850976,-96.60980649999999
918,32.857760999999996,-96.6024405
919,32.871322000000006,-96.61282800000001
920,32.87409575,-96.61601525
921,32.9022175,-96.630926625
922,32.89439706666666,-96.63613813333333
923,32.891139,-96.6309335
924,32.886885,-96.6308982
925,32.8819765,-96.630822
926,32.8792835,-96.63091349999999
927,32.87361983333333,-96.63089633333334
928,32.868613999999994,-96.633713
929,32.866037,-96.63675950000001
930,32.8605954375,-96.647032
931,32.8973205,-96.6309495
932,32.907911000000006,-96.63041600000001
933,32.9175495,-96.63045516666666
934,32.915603000000004,-96.6261335
935,32.928353900000005,-96.613756
936,32.921879000000004,-96.6137205
937,32.91668355555556,-96.61388877777777
938,32.95369,-96.90186299999999
939,32.953616499999995,-96.8823535
940,32.9535975,-96.8779045
941,32.953296,-96.864312
942,32.9532015,-96.8590165
943,32.954399,-96.8426702
944,32.9522345,-96.80089849999999
945,32.949954000000005,-96.79403825
946,32.9503155,-96.7790835
947,32.9511915,-96.7570715
948,32.951166,-96.751676
949,32.950968,-96.748398
950,32.950899500000006,-96.7439765
951,32.94538,-96.7046085
952,32.944953,-96.6771115
953,32.94475425,-96.67194674999999
954,32.94517314285714,-96.65727371428571
955,32.945109,-96.64846750000001
956,32.944487499999994,-96.64502
957,32.9422845,-96.642377
958,32.9402605,-96.63892200000001
959,32.939122,-96.63540449999999
960,32.933963000000006,-96.63066900000001
961,32.937374500000004,-96.633377
962,32.945311,-96.680985
963,32.9453265,-96.6916615
964,32.9470135,-96.71105700000001
965,32.948347999999996,-96.7139105
966,32.948361500000004,-96.718104
967,32.9533775,-96.86928900000001
968,32.801871500000004,-96.96847700000001
969,32.807891999999995,-96.994178
970,32.832687500000006,-97.0078435
971,32.865238,-96.948822
972,32.83098975,-96.959157
973,32.8193975,-96.8862115
974,32.829359499999995,-96.9452295
975,32.927803,-96.850169
976,32.925650000000005,-96.8469415
977,32.949163,-96.83888300000001
978,33.0187186,-96.70544720000001
979,33.031776,-96.794804
980,33.03572,-96.7946515
981,33.04925575,-96.79435575
982,32.920253,-96.712926
983,32.9887065,-96.68234749999999
984,33.00033766666667,-96.68231133333332
985,32.9310485,-96.68725066666667
986,32.904483,-96.68293
987,32.8766665,-96.6617865
988,32.8762055,-96.61843350000001
989,32.94396936363636,-96.66493672727273
990,32.893151625,-96.94337999999999
991,32.909422750000004,-96.69994925
992,32.86416533333333,-96.6891195
993,32.86388390909091,-96.65487790909091
994,32.866029,-96.776443
995,32.8057485,-96.804503
996,32.706398500000006,-96.80642950000001
997,32.70176033333333,-96.83067766666666
998,32.700703000000004,-96.8346795
999,32.697390999999996,-96.83427800000001
1000,32.695292,-96.836975
1001,32.702951,-96.833383
1002,32.693464,-96.8984554
1003,32.6554525,-96.8669155
1004,32.662999,-96.782524
1005,32.674602,-96.7762
1006,32.64761225,-96.84431125
1007,32.8594175,-96.66572450000001
1008,32.838918,-96.668856
1009,32.691210999999996,-96.852181
1010,32.685125,-96.8570115
1011,32.720515,-96.90833760000001
1012,32.66082685714286,-96.86764714285714
1013,32.656211,-96.869744
1014,32.6591315,-96.869778
1015,32.65353275,-96.86959999999999
1016,32.9387775,-96.6828195
1017,32.88843666666667,-96.941973
1018,32.82458125,-96.95108325
1019,32.821548,-96.949635
1020,32.681369,-96.891335
1021,32.986741,-96.913672
1022,32.9879,-96.910565
1023,33.05737925,-96.79549
1024,33.042337,-96.7943995
1025,32.878856999999996,-96.6608985
1026,32.8849514,-96.6730326
1027,32.914465,-96.6227255
1028,32.948316500000004,-96.7259205
1029,32.9483075,-96.72323850000001
1030,32.917625,-96.92484400000001
1031,32.9091655,-96.9222235
1032,32.89594133333333,-96.91877633333333
1033,32.9536985,-96.8950515
1034,32.758211,-96.740437
1035,32.953277,-96.852058
1036,32.855203,-96.7417605
1037,32.865596,-96.780152
1038,32.723293,-96.8051565
1039,32.8689075,-96.677979
1040,32.6475768,-96.8803054
1041,32.7083405,-96.868288
1042,32.7062478,-96.8665252
1043,32.7057515,-96.86951350000001
1044,32.8430075,-96.6908305
1045,32.84980925,-96.68311725000001
1046,32.84657675,-96.68647849999999
1047,32.8303006,-96.78165820000001
1048,32.99812,-96.801007
1049,32.81311725,-96.665313
1050,32.9207325,-96.8816495
1051,32.76836133333333,-96.66182383333334
1052,32.898659,-96.66561924999999
1053,32.902904,-96.66556175
1054,32.9070065,-96.665497
1055,32.9363775,-96.6651755
1056,32.9387835,-96.6651555
1057,32.9483395,-96.665319
1058,32.9518285,-96.665373
1059,32.9569975,-96.66536300000001
1060,32.95989828571429,-96.66717357142856
1061,32.96066266666667,-96.67429133333333
1062,32.960580750000005,-96.689233
1063,32.9606175,-96.694732
1064,32.9606415,-96.70431025
1065,32.85342075,-96.612378
1066,32.854008,-96.6200395
1067,32.85290975,-96.62385975000001
1068,32.850074,-96.6272025
1069,32.8479205,-96.629807
1070,32.807700000000004,-96.67019345454545
1071,32.786215,-96.8692645
1072,32.784711,-96.86525
1073,32.791921333333335,-96.69855888888888
1074,32.800604,-96.80550550000001
1075,33.0183528,-96.698521
1076,32.914197375,-96.74685199999999
1077,32.918634,-96.742516
1078,33.007274,-96.703072
1079,32.976779,-96.71106
1080,32.774715,-96.911972
1081,32.9061435,-96.919936
1082,32.881287,-96.759727
1083,32.864104499999996,-96.82876250000001
1084,32.863572500000004,-96.83403050000001
1085,32.875825500000005,-96.665497
1086,32.872316,-96.6654935
1087,32.869834499999996,-96.6655715
1088,32.81837,-96.718819
1089,33.016489,-96.682454
1090,32.844577,-96.59961
1091,32.848226999999994,-96.60490899999999
1092,32.862633,-96.991759
1093,32.822253,-96.86085
1094,32.9205045,-96.9192855
1095,32.944689499999996,-96.6676805
1096,32.9451215,-96.65131650000001
1097,32.803068,-96.819523
1098,32.8418185,-96.870882
1099,32.828773999999996,-96.834737
1100,32.860650500000006,-96.76149699999999
1101,32.9076995,-96.80417299999999
1102,32.854893,-96.768921
1103,32.984651,-96.8041425
1104,32.948663499999995,-96.8198855
1105,32.8363615,-96.698958
1106,32.81080333333333,-96.68395866666667
1107,32.793487,-96.6848795
1108,32.760196,-96.68279925
1109,32.754645,-96.682848
1110,32.72563575,-96.68294075
1111,32.712723999999994,-96.71722650000001
1112,32.6912665,-96.8596005
1113,32.7683475,-96.65572
1114,32.66215175,-96.84829725
1115,32.662131,-96.841955
1116,32.72649766666667,-96.639251
1117,32.719572,-96.639732
1118,32.719593,-96.642532
1119,32.800971000000004,-96.930297
1120,32.8011525,-96.92434
1121,32.9465665,-96.8160365
1122,32.941295583333336,-96.81373116666667
1123,32.93766854545454,-96.94685527272728
1124,32.923877000000005,-96.9550515
1125,32.725072499999996,-96.814461
1126,32.808656,-96.8574185
1127,32.8062855,-96.85236800000001
1128,32.7968495,-96.836781
1129,32.717078666666666,-96.90861383333333
1130,33.007708,-96.8869325
1131,32.984720499999995,-96.91810749999999
1132,33.013236,-96.772088
1133,33.045100500000004,-96.794392
1134,32.780841,-96.865792
1135,32.748763999999994,-96.6786355
1136,32.74871,-96.67442199999999
1137,32.748700166666666,-96.663559
1138,32.7352284,-96.843165
1139,32.73499625,-96.850882
1140,32.73454525,-96.86766825000001
1141,32.734907500000006,-96.8774245
1142,32.76953075,-96.79317375
1143,32.772481,-96.802992
1144,32.912431285714284,-96.63044057142858
1145,32.6703335,-96.8816915
1146,32.918212,-96.772896
1147,32.873216,-96.804073
1148,32.8300755,-96.6868365
1149,32.7411115,-96.9279115
1150,32.975609142857145,-96.82847571428572
1151,32.9107135,-96.95869833333334
1152,33.016081,-96.79032333333333
1153,32.781348,-96.79197
1154,32.95404550000001,-96.812141
1155,32.74865,-96.66996850000001
1156,32.79573499999999,-96.81021799999999
1157,32.69945,-96.837501
1158,33.0092735,-96.7152225
1159,32.91118383333333,-96.89318050000001
1160,32.747119,-96.853738
1161,32.7441585,-96.926047
1162,32.837261,-96.777733
1163,32.871922999999995,-96.7681925
1164,32.733691,-96.814011
1165,32.73053125,-96.81440775
1166,32.7273845,-96.8144125
1167,32.848592,-96.770626
1168,32.7169175,-96.83985925
1169,32.7131655,-96.840075
1170,32.88741685714286,-96.76692871428573
1171,32.887565,-96.771767
1172,32.88817733333334,-96.77499
1173,32.892402,-96.775017
1174,32.895023,-96.774201
1175,32.893085,-96.771523
1176,32.89025,-96.77093
1177,32.77877866666667,-96.904105
1178,32.8448702,-96.66179580000001
1179,32.90055425,-96.91850875
1180,32.8666855,-96.7470825
1181,32.89529,-96.771988
1182,32.663496,-96.94311525
1183,32.808813,-96.836241
1184,33.008225,-96.70554
1185,33.0182545,-96.69197725000001
1186,33.026771333333336,-96.79492666666665
1187,32.9679505,-96.700474
1188,32.99513588888889,-96.66609966666667
1189,32.96571025,-96.7170785
1190,32.6833955,-96.7886895
1191,32.69762,-96.765732
1192,33.002832,-96.8856205
1193,32.693981666666666,-96.79305266666667
1194,32.8373724,-96.7708224
1195,32.77877025,-96.86897975
1196,32.9970945,-96.673541
1197,32.701029750000004,-96.77669900000001
1198,32.86757,-96.944633
1199,32.856226,-96.6162645
1200,32.793411,-96.77295
1201,32.9952975,-96.7991835
1202,32.807491,-96.934571
1203,32.759715,-96.871529
1204,33.019149,-96.713284
1205,32.72798733333334,-96.82877500000001
1206,32.815133,-96.661379
1207,32.799833,-96.6815435
1208,32.691833,-96.890408
1209,33.0410725,-96.725702
1210,32.983629,-96.768135
1211,33.008972,-96.710541
1212,32.751809,-96.856611
1213,32.7401445,-96.82453050000001
1214,32.851478,-96.6804885
1215,32.8536725,-96.678314
1216,32.855936,-96.6766305
1217,32.859016,-96.674277
1218,32.8737945,-96.66211150000001
1219,32.869258,-96.66256866666667
1220,32.647604,-96.86764342857143
1221,32.641117,-96.865273
1222,32.640415,-96.861947
1223,32.6435035,-96.857179
1224,32.821507,-96.95894475
1225,32.8188965,-96.954654
1226,32.906236,-96.95872349999999
1227,32.89803875,-96.95887975
1228,32.6475435,-96.875902
1229,32.749731999999995,-96.90225050000001
1230,32.922145,-96.735337
1231,32.628945,-96.943269
1232,32.786763,-96.772851
1233,32.78324,-96.79083
1234,32.968052,-96.70298
1235,32.7835195,-96.7345755
1236,32.7836415,-96.730932
1237,32.730708,-96.799853
1238,32.91101,-96.647828
1239,32.911018,-96.650864
1240,32.915319999999994,-96.894465
1241,32.787261666666666,-96.76559300000001
1242,32.7204495,-96.8997525
1243,32.898466,-96.80392499999999
1244,33.067007857142855,-96.79606642857142
1245,33.078841,-96.806095
1246,32.749697499999996,-96.898397
1247,32.9537285,-96.8982915
1248,32.720558,-96.912393
1249,32.833912999999995,-96.840473
1250,32.983684,-96.75658775
1251,32.745892,-96.91143550000001
1252,32.7807535,-96.78038649999999
1253,32.987586,-96.66001800000001
1254,33.052944999999994,-96.79446
1255,32.84160345454546,-96.77996136363636
1256,32.8929955,-96.96049149999999
1257,32.8832695,-96.96411900000001
1258,32.8809125,-96.963565
1259,32.885881499999996,-96.9641135
1260,32.875502499999996,-96.9625825
1261,32.8666865,-96.95984575
1262,32.86342,-96.9600605
1263,32.860738,-96.959454
1264,32.8461475,-96.95910500000001
1265,32.8398176,-96.9591336
1266,32.82535325,-96.95901624999999
1267,32.956252,-96.8298705
1268,32.9988565,-96.90746250000001
1269,32.9988715,-96.9011
1270,32.998854333333334,-96.895962
1271,32.998887999999994,-96.90492800000001
1272,32.98725625,-96.84550575
1273,32.9612185,-96.8140375
1274,32.9212505,-96.8559735
1275,32.93890966666667,-96.81800733333334
1276,32.946357500000005,-96.81896549999999
1277,32.966423,-96.82589150000001
1278,32.970937,-96.824919
1279,32.744667299999996,-96.7001311
1280,32.792883599999996,-96.6921554
1281,32.748906,-96.6961175
1282,33.076422,-96.796125
1283,32.996298499999995,-96.755596
1284,32.8047505,-96.959327
1285,32.8019585,-96.959123
1286,32.992101500000004,-96.82932174999999
1287,32.989059999999995,-96.834476
1288,33.042489,-96.769966
1289,33.0518395,-96.77041750000001
1290,33.041044,-96.723384
1291,32.844406,-96.762817
1292,33.0657865,-96.8043495
1293,32.997237,-96.68872
1294,32.8665845,-96.741221
1295,33.011634,-96.856484
1296,33.011631,-96.851255
1297,32.987529249999994,-96.83965425
1298,32.959239,-96.82350825
1299,32.961544,-96.829842
1300,32.7527275,-96.6481665
1301,32.96106,-96.8165525
1302,32.9360555,-96.8136635
1303,32.864082,-96.839547
1304,32.926496,-96.9522195
1305,32.978208,-96.830299
1306,32.71320533333333,-96.90857100000001
1307,33.077942500000006,-96.8154535
1308,33.07885775,-96.819989375
1309,32.84229475,-96.77427825000001
1310,32.898038,-96.727818
1311,32.886988,-96.733105
1312,32.884765,-96.7338215
1313,32.871534,-96.734827
1314,32.8999585,-96.7254565
1315,32.819253,-96.895046
1316,32.79286333333334,-96.82193533333333
1317,32.64039,-96.85843700000001
1318,32.643871,-96.865448
1319,32.988565,-96.664734
1320,32.855682,-96.732831
1321,32.89786,-96.711981
1322,32.883035,-96.76488833333333
1323,32.9182705,-96.75211999999999
1324,32.908502999999996,-96.761881
1325,32.9630305,-96.722879
1326,32.9851495,-96.71087800000001
1327,33.055544999999995,-96.77120075
1328,32.9144225,-96.6359035
1329,33.080591,-96.80306275
1330,32.7051065,-96.742109
1331,32.945015,-96.61742
1332,32.947549,-96.620584
1333,32.9410455,-96.60591500000001
1334,32.93731875,-96.60414875000001
1335,32.7687935,-96.67793
1336,32.768521,-96.674575
1337,32.768373,-96.6661495
1338,32.756839,-96.656907
1339,32.754371,-96.656899
1340,32.751827,-96.656899
1341,32.751358,-96.66478
1342,32.755388499999995,-96.6652335
1343,32.759143,-96.665352
1344,32.952926500000004,-96.911963
1345,33.0027215,-96.7026805
1346,33.032025625,-96.700446875
1347,32.748358,-96.6572515
1348,32.734017,-96.644413
1349,32.733996,-96.639643
1350,32.730126,-96.63919
1351,32.719947,-96.648301
1352,32.725246,-96.6482815
1353,32.728331,-96.648226
1354,32.7570255,-96.6481385
1355,32.835529,-96.87616
1356,32.834007,-96.878449
1357,32.831014499999995,-96.88170199999999
1358,32.836227,-96.873499
1359,32.9812455,-96.768113
1360,32.795469,-96.700493
1361,32.778934,-96.686941
1362,32.795322999999996,-96.79478850000001
1363,32.694845,-96.834465
1364,32.68904716666667,-96.89862183333334
1365,32.647525,-96.87251950000001
1366,32.839421,-96.846203
1367,32.721597,-96.639277
1368,33.048771,-96.77043599999999
1369,32.90922466666667,-96.67202200000001
1370,32.908992,-96.644799
1371,32.9212535,-96.91637650000001
1372,32.89572225,-96.934764
1373,33.062011,-96.796127
1374,32.857557,-96.64726233333333
1375,32.8945045,-96.699648
1376,32.8863235,-96.68303750000001
1377,32.8831725,-96.6830415
1378,32.8790075,-96.6826505
1379,32.878881,-96.6758195
1380,32.894495,-96.6935805
1381,32.9185925,-96.9653
1382,32.91800333333333,-96.96128666666668
1383,32.705802500000004,-96.879006
1384,32.705766499999996,-96.887383
1385,32.7057215,-96.896159
1386,32.705751,-96.90434300000001
1387,32.70564950000001,-96.9082355
1388,32.7638085,-96.743712
1389,33.02211975,-96.7951535
1390,33.077747,-96.809716
1391,32.927342333333335,-96.84447733333333
1392,32.997055333333336,-96.67732033333334
1393,33.03243,-96.833965
1394,32.84143275,-96.7854415
1395,32.816074,-97.007097
1396,32.81701,-97.05294
1397,32.804585,-97.155108
1398,32.67394825,-96.80609575
1399,32.668517,-96.805825
1400,32.6652895,-96.80572749999999
1401,32.662364499999995,-96.8118595
1402,32.662279,-96.817718
1403,32.6622525,-96.821297
1404,32.662206499999996,-96.830593
1405,32.6475895,-96.8508795
1406,32.64743,-96.85698266666667
1407,32.66241133333333,-96.80565433333334
1408,32.98175825,-96.830283
1409,32.842038,-96.595672
1410,32.751796,-97.325397
1411,32.745258,-97.328201
1412,32.789607,-96.812513
1413,33.029991333333335,-96.83610366666666
1414,32.8924425,-96.6222085
1415,32.767919,-96.90245949999999
1416,32.772670500000004,-96.90384499999999
1417,32.970955000000004,-96.723691
1418,32.939608,-96.8305385
1419,32.869825000000006,-96.958966
1420,32.919108,-96.92140599999999
1421,32.9973344,-96.85537430000001
1422,32.78080166666667,-96.78855966666667
1423,33.03649733333333,-96.70223666666668
1424,32.705785,-96.883156
1425,32.878921000000005,-96.70109350000001
1426,32.8789895,-96.7044445
1427,32.878991,-96.70832300000001
1428,32.878955500000004,-96.71194399999999
1429,32.87891975,-96.71585025
1430,32.89452666666667,-96.70814766666666
1431,32.894518500000004,-96.687258
1432,32.8725675,-96.76581350000001
1433,32.901551636363635,-96.7132690909091
1434,32.912879000000004,-96.700377
1435,32.920493,-96.70023800000001
1436,32.924022,-96.70017250000001
1437,32.9279435,-96.7001305
1438,32.931769214285715,-96.70044642857144
1439,32.93141966666667,-96.70871266666666
1440,32.9312815,-96.7117545
1441,32.93133925,-96.716582
1442,32.9330975,-96.718781
1443,32.934962,-96.72037850000001
1444,32.934974999999994,-96.7227925
1445,32.934979999999996,-96.7259295
1446,32.93446525,-96.731522625
1447,32.9353385,-96.7356345
1448,32.9053075,-96.7116815
1449,32.897117,-96.717949
1450,32.894386,-96.717185
1451,32.894394,-96.714787
1452,32.92598,-96.757558
1453,32.9297515,-96.73431916666668
1454,32.916457,-96.75074000000001
1455,32.8262135,-96.8656245
1456,32.826397,-96.861679
1457,32.985729,-96.713719
1458,33.045237,-96.77040600000001
1459,32.759063,-96.656907
1460,32.965621,-96.8298725
1461,32.98956475,-96.8312265
1462,32.986018,-96.83010475
1463,32.99704766666667,-96.82904233333333
1464,32.9894065,-96.8477395
1465,32.99250866666667,-96.84723133333334
1466,33.0045355,-96.85125
1467,33.00173125,-96.85208625
1468,32.9606885,-96.71337249999999
1469,32.960660000000004,-96.70928699999999
1470,32.997203,-96.697474
1471,32.9851655,-96.66059200000001
1472,32.975173999999996,-96.660638
1473,32.960604599999996,-96.6476776
1474,32.91447325,-96.6185365
1475,33.007318,-96.7333375
1476,33.007278,-96.72617
1477,33.007476000000004,-96.721027
1478,33.007873000000004,-96.767155
1479,33.004587,-96.767773
1480,33.001829,-96.767781
1481,32.997585400000006,-96.76765459999999
1482,32.99332,-96.767842
1483,32.9883725,-96.76809850000001
1484,32.7871655,-96.7374235
1485,33.0439845,-96.83302649999999
1486,32.9299188,-96.6396086
1487,32.926536,-96.639533
1488,32.9225155,-96.6395565
1489,32.918745,-96.639571
1490,32.72739725,-96.90878125
1491,32.723106,-96.9086765
1492,32.732214,-96.9126405
1493,32.734039,-96.914
1494,32.736259000000004,-96.9174045
1495,32.9310545,-96.6455205
1496,32.9310245,-96.642702
1497,33.019828,-96.710755
1498,32.991611,-96.936753
1499,32.98074,-96.92627999999999
1500,32.954622,-96.90853925
1501,32.9219755,-96.8963275
1502,32.896165499999995,-96.88819649999999
1503,32.88212,-96.883811
1504,32.842971,-96.862176
1505,32.822278499999996,-96.833297
1506,32.804831666666665,-96.82369899999999
1507,32.765494000000004,-96.7202
1508,32.73255,-96.7093995
1509,32.736362,-96.920847
1510,32.666723000000005,-96.9450805
1511,32.921101750000005,-96.958192
1512,32.8325295,-96.8798865
1513,32.935439,-96.60704050000001
1514,32.934253,-96.609167
1515,32.9324455,-96.611301
1516,32.707574,-96.77434199999999
1517,32.909135,-96.6898975
1518,33.068338999999995,-96.807795
1519,32.9535035,-96.87232800000001
1520,32.8480275,-96.76770099999999
1521,32.920646,-96.965451
1522,32.923761,-96.965199
1523,32.920984000000004,-96.9619645
1524,32.997017,-96.86224999999999
1525,32.9574845,-96.81841499999999
1526,32.758075,-96.68615375
1527,33.019064,-96.716269
1528,32.76001233333333,-96.8937828888889
1529,32.878882,-96.7196375
1530,32.9912695,-96.7101625
1531,33.018103333333336,-96.685607
1532,32.82078285714285,-96.84143357142857
1533,32.968551375000004,-96.8149605
1534,32.978649,-96.778679
1535,32.981296,-96.778664
1536,32.984237,-96.778641
1537,32.986148,-96.778626
1538,32.876553333333334,-96.87562866666667
1539,32.978755,-96.711327
1540,32.781906,-96.687156
1541,32.730644,-96.648212
1542,32.559355,-96.82757
1543,32.6509,-96.868457
1544,32.708151,-96.90866249999999
1545,32.796803,-96.685754
1546,33.077922,-96.81266600000001
1547,32.9094865,-96.81523
1548,32.9065485,-96.6829435
1549,32.672673,-96.775341
1550,32.805626,-96.837472
1551,32.666379,-96.778429
1552,32.6881115,-96.8268245
1553,32.7683835,-96.67136450000001
1554,32.94407366666667,-96.60851366666667
1555,32.7028895,-96.80308500000001
1556,32.8070495,-96.677868
1557,32.66769,-96.749436
1558,32.666799,-96.752309
1559,32.664451,-96.757004
1560,32.834924,-97.00955400000001
1561,32.838862500000005,-97.009591
1562,32.84535675,-97.00894224999999
1563,32.943234000000004,-96.952061
1564,32.8902595,-96.68299675
1565,32.87886,-96.678681
1566,32.8945195,-96.69042
1567,32.890018,-96.678759
1568,32.8869,-96.678696
1569,32.9596195,-96.63837475
1570,32.937286,-96.699971
1571,32.931304499999996,-96.69503850000001
1572,32.849085,-96.915006
1573,32.87513,-96.967135
1574,32.888023,-96.986505
1575,32.637985,-96.942917
1576,32.65641,-96.9432
1577,32.652713,-96.9431
1578,32.99942133333334,-96.82483233333333
1579,33.01577366666667,-96.79523966666666
1580,32.913967,-96.67869999999999
1581,32.9121965,-96.679867
1582,32.871835000000004,-96.771412
1583,32.65666,-96.76810649999999
1584,32.875716,-96.8676715
1585,32.875780500000005,-96.8708735
1586,32.768069,-96.649837
1587,32.76566425,-96.648019
1588,32.7618035,-96.64814175000001
1589,32.762325,-96.656876
1590,33.00324233333333,-96.82480833333334
1591,33.006743,-96.8250165
1592,33.007254,-96.828102
1593,33.009413,-96.829651
1594,32.931238,-96.630507
1595,32.91800925,-96.7177015
1596,32.8957465,-96.9395335
1597,32.666843,-96.8816415
1598,32.844719999999995,-96.767454
1599,32.767317,-96.896528
1600,32.993568,-96.71043
1601,32.989296,-96.714212
1602,32.832847,-96.94584983333334
1603,32.997393,-96.708155
1604,32.997651000000005,-96.7135655
1605,32.9975145,-96.717027
1606,32.997541999999996,-96.730325
1607,32.9975655,-96.733625
1608,32.997566500000005,-96.73739900000001
1609,32.980102,-96.714413
1610,32.760469666666665,-96.81806666666667
1611,32.825006,-96.7843922
1612,32.8569915,-97.01943399999999
1613,32.853517499999995,-97.02825
1614,32.861492,-97.031008
1615,32.667993,-96.772338
1616,32.669472,-96.769553
1617,32.852937,-97.033023
1618,32.852962,-97.036099
1619,32.997486499999994,-96.72512449999999
1620,32.839371,-96.598493
1621,32.648663,-96.863458
1622,32.64997,-96.86629
1623,33.021280999999995,-96.84330399999999
1624,33.05649,-96.7920805
1625,33.05639525,-96.78659449999999
1626,33.056336,-96.7808495
1627,33.056289,-96.77603450000001
1628,33.016531,-96.83112600000001
1629,32.879252,-96.72999225
1630,32.844954,-96.8745295
1631,33.068793,-96.826881
1632,32.8788715,-96.72324
1633,32.878827,-96.72634
1634,32.8786145,-96.732855
1635,32.998915999999994,-96.7404725
1636,32.8400946,-96.8613188
1637,32.768032500000004,-96.71909
1638,32.7131585,-96.693252
1639,32.713389,-96.68379949999999
1640,32.712391,-96.68897799999999
1641,32.89787333333333,-96.89199466666666
1642,32.90148166666667,-96.893108
1643,32.9046635,-96.89414
1644,32.824187,-96.881871
1645,32.822182,-96.878634
1646,32.82033,-96.875882
1647,32.821605000000005,-96.836133
1648,32.868572,-96.933574
1649,32.87677,-96.93914833333334
1650,32.659428,-96.943292
1651,32.953734,-96.9058355
1652,32.927116,-96.746197
1653,32.908616,-96.651443
1654,32.705724000000004,-96.898834
1655,32.907386,-97.039504
1656,32.904111,-96.563388
1657,32.8198275,-96.78425150000001
1658,32.821612,-96.78549
1659,32.83595,-96.779688
1660,33.084224999999996,-96.82351575
1661,33.046301,-96.832877
1662,33.048208,-96.83302950000001
1663,33.050879,-96.83304749999999
1664,33.055293875,-96.833682625
1665,33.062931,-96.83283233333333
1666,33.0772555,-96.82802575
1667,32.869834,-96.9412465
1668,32.997617500000004,-96.7723385
1669,32.9977375,-96.78424749999999
1670,32.8778435,-96.963094
1671,33.068427,-96.824111
1672,32.9965605,-96.74438699999999
1673,32.9974795,-96.720026
1674,32.816443,-97.014941
1675,32.816702,-97.023847
1676,32.999431,-96.716595
1677,33.001932,-96.716593
1678,33.006349,-96.715416
1679,33.079622,-96.797791
1680,33.07156966666667,-96.828345
1681,32.871974,-96.942815
1682,32.685875,-96.825631
1683,32.843582,-96.850529
1684,32.695858,-96.898641
1685,32.697578,-96.9002
1686,32.762276,-96.815355
1687,32.984039,-96.74958
1688,32.854476,-97.037853
1689,33.002868,-96.77194
1690,32.671328,-96.783008
1691,32.984742999999995,-96.9235405
1692,32.666607,-96.787966
1693,32.654057,-96.801091
1694,32.663248499999995,-96.7950425
1695,32.663391000000004,-96.79870349999999
1696,32.656149,-96.782931
1697,32.9931085,-96.7529695
1698,32.9923785,-96.7564575
1699,32.99303125,-96.74899375
1700,33.0818115,-96.8274235
1701,32.931674,-96.7495905
1702,33.017062,-96.769248
1703,32.843077,-96.601477
1704,32.958892,-96.828247
1705,32.98991,-96.7562
1706,32.936773,-96.731282
1707,32.906306,-97.041243
1708,32.933913,-97.054193
1709,32.7660555,-96.8228615
1710,32.661970499999995,-96.8897475
1711,32.6649725,-96.89121
1712,32.668308,-96.891274
1713,32.670660999999996,-96.8914115
1714,32.6763045,-96.8913985
1715,32.882109,-96.955159
1716,32.978396,-96.773254
1717,32.950699,-96.983242
1718,32.996463500000004,-96.7500345
1719,33.01436,-96.701066
1720,33.012603,-96.665722
1721,32.789914,-96.807552
1722,32.787996,-96.805387
1723,32.75598,-96.81102566666668
1724,32.8190875,-96.66536450000001
1725,32.758156,-96.76854900000001
1726,32.8622005,-96.85940450000001
1727,32.781556,-96.873673
1728,32.6750605,-96.8115115
1729,32.720487500000004,-96.9041795
1730,32.720296,-96.914635
1731,32.87476,-96.943757
1732,32.948361500000004,-96.956802
1733,32.93118525,-96.95213325
1734,32.9329245,-96.948767
1735,32.851427,-97.00804550000001
1736,32.8570175,-97.009293
1737,32.7965195,-96.8200885
1738,33.025969,-96.848954
1739,33.0140635,-96.857472
1740,33.014737,-96.84344
1741,32.9932395,-96.85075800000001
1742,33.069204,-96.82978
1743,33.040737,-96.832722
1744,33.027259,-96.835222
1745,33.024804,-96.835252
1746,33.034187,-96.832351
1747,33.038317,-96.832473
1748,32.997576,-96.762777
1749,32.997966999999996,-96.79423233333334
1750,32.9991405,-96.818025
1751,32.996965,-96.847461
1752,32.999106999999995,-96.82249350000001
1753,32.998154,-96.80555050000001
1754,32.997249499999995,-96.8439515
1755,32.997724500000004,-96.77981650000001
1756,32.997495,-96.838848
1757,32.997547499999996,-96.8319465
1758,32.9949315,-96.909875
1759,32.999108,-96.699669
1760,32.997318,-96.703084
1761,33.07202025,-96.81808875
1762,33.070734,-96.812829
1763,33.0647035,-96.799824
1764,33.026706,-96.69931
1765,32.9762355,-96.6539895
1766,32.982585,-96.656677
1767,32.974264000000005,-96.66534899999999
1768,32.997035,-96.69447
1769,32.997293,-96.692069
1770,32.969339,-96.664478
1771,32.966257,-96.665193
1772,33.01753,-96.733954
1773,33.013799500000005,-96.716192
1774,33.015738,-96.733632
1775,32.950565499999996,-96.611205
1776,32.9471285,-96.6143325
1777,32.954923,-96.657449
1778,32.9573325,-96.65221
1779,32.956099,-96.659503
1780,32.924741499999996,-96.63074449999999
1781,32.918346,-96.77670549999999
1782,32.922289,-96.779266
1783,32.925568,-96.788421
1784,32.924979,-96.79621449999999
1785,32.924161,-96.78586
1786,32.8645465,-96.861949
1787,32.796442,-96.690618
1788,32.79492,-96.693154
1789,32.7828645,-96.71650550000001
1790,32.78134,-96.680594
1791,32.77902425,-96.676924
1792,32.748849,-96.69151500000001
1793,32.763169,-96.659154
1794,32.7631,-96.662203
1795,32.6959425,-96.77309500000001
1796,32.697928000000005,-96.774457
1797,32.7114655,-96.799519
1798,32.69559557142857,-96.79773371428571
1799,32.670647,-96.767417
1800,32.669284,-96.777979
1801,32.673372,-96.779587
1802,32.982473,-96.652252
1803,32.932115,-96.944785
1804,32.9513555,-96.932419
1805,32.951811,-96.926819
1806,32.811452,-96.81782033333333
1807,33.025492,-96.852788
1808,33.022266,-96.85356
1809,33.001277,-96.699688
1810,33.016268,-96.716475
1811,32.950831,-96.73724150000001
1812,32.854793,-97.032717
1813,32.836824,-96.781784
1814,32.837755,-96.787049
1815,32.846674,-96.783268
1816,32.9583595,-96.661878
1817,32.815333,-96.831605
1818,32.813122,-96.841776
1819,32.997697,-96.757394
1820,33.013901,-96.733924
1821,33.010872,-96.733699
1822,32.805375,-97.209656
1823,32.846256,-96.631954
1824,32.709193666666664,-96.776905
1825,33.083965,-96.818872
1826,32.866273,-96.658986
1827,32.7534895,-96.764508
1828,32.965097,-96.81893099999999
1829,33.017998,-96.701461
1830,32.967087,-96.819094
1831,33.067097,-96.832408
1832,33.024126,-96.699129
1833,32.865151,-96.991216
1834,32.997787,-96.775956
